?^,what's up?
?up,what's up?
'bout,about 
*4u,Kiss for you
*s*,smile
<3,love
<3,love
1ab,wannabe
1daful,wonderful
1dering,wondering
1nce,once
1sec,one second
2b,to be
2b4u,too bad for you
2bad4u2,too bad for you too 
2bh,to be honest
2day,today
2ditd,today is the day
2ez,too easy
2o4s,too old for sex
2qt,too cute
2tali,totally
2tm,to the max
2trd,too tired
2u2,To you too
4e&e,forever and ever
4eva,forever
4ever,forever
4evr,for ever
4evs,forever
4fs,for fuck's sake
4u,for you
4umb,For You Maybe
4us,for us
4ward,forward
4wd,forward
4yeo,For Your Eyes Only
53x,sex
9t,night
a**,ass
a/s/l,age,sex,location
a/s/l/p,age/sex/location/picture
a/s/l/r,age, sex, location, race
a&f,always and forever
aabf,as a best friend
aaf,as a friend
aamof,as a matter of fact
aatf,always and totally forever
aatw,all around the world
absnt,absent
acgaf,Absolutely couldn't give a fuck
adl,all day long
adn,any day now
aeap,as early as possible
afaiaa,As Far As I Am Aware
afaic,as far as I'm concerned
afaicr,As Far As I Can Remember
afaics,as far as I can see
afaict,as far as I can tell
afaik,as far as I know
afair,as far as I recall
afaiu,As far as I understand
alaytm,as long as you tell me
alol,actually laughing out loud
alot,a lot
alright,all right
alrite,Alright
alrt,alright
alryt,alright
ama,ask me anything
amf,adios motherfucker
amiic,ask me if i care
aml,All My Love
anl,all night long
anlsx,Anal Sex
anon,anonymous
any1,Anyone
anywaz,anyways
aqap,as quick as possible
ar,are
ase,age, sex, ethnicity
ashl,asshole
ashole,asshole
asl,age, sex, location
asshle,asshole
atb,all the best
b-cuz,because
b-day,birthday
b.f.f.,best friend forever
b'day,birthday
b@,banned
b/t,between
b/w,between
b&,banned
b00n,new person
b00t,boot
b0rked,broken
b1tch,b***h
b2b,business to business
b2u,back to you
b2w,Back to work
b3,be
b4,before
b4n,bye for now
b4u,before you
b8,bait
b82rez,Batteries
b8rez,Batteries
bah,I don't really care
bau,back at you
bb,bye bye
bbi,Baby
bbiab,be back in a bit
bbiaf,be back in a few
bbialb,Be back in a little bit
bbiam,be back in a minute
bbias,be back in a second
bbiaw,be back in a while
bbifs,be back in a few seconds
bbilb,be back in a little bit
bbilfm,be back in like five minutes
bbim,Be Back In Minute
bbk,be back, ok?
bbl,be back later
bbl8a,Be Back Later
bblig,Be back later...i guess
bbm,BlackBerry Messenger
bbml,be back much later
bbn,be back never
bbol,be back online later
bbp,Banned by parents
bbq,be back quick
bbrs,be back really soon
bbs,be back soon
bbsts,be back some time soon
bbt,be back tomorrow
bbtn,be back tonite
bbvl,Be Back Very Later
bbw,be back whenever
bbwb,best buddy with boobs
bbwe,be back whenever
bbwl,be back way later
bby,baby
bbz,babes
bc,because
bch,bitch
bck,back
bcnu,be seeing you
bcuz,because
bd,birthday
bday,birthday
be4,before
beatch,bitch
bebe,baby
becuse,because
becuz,because
beech,bitch
beeoch,bitch
beezy,bitch
beotch,bitch
besos,kisses
bestie,best friend
betch,bitch
betcha,bet you
bettr,better
bezzie,best friend
bf,boyfriend
bf's,boyfriend's
bf+gf,boyfriend and girlfriend
bf4e,best friends for ever
bf4eva,Best Friends forever
bf4l,best friends for life
bff,best friend forever
bffa,best friends for always
bffaa,Best Friends Forever And Always
bffae,Best Friends Forever And Ever
bffaw,best friends for a while
bffe,Best friends forever
bffeae,Best Friend For Ever And Ever
bffene,Best Friends For Ever And Ever
bffl,best friends for life
bffn,best friends for now
bfitww,best friend in the whole world
bfn,bye for now
bfs,Boyfriends
bh,bloody hell
biaf,Back In A Few
bich,bitch
bigd,big deal
bilu,baby i love you
bion,Believe it or not.
biz,Business
bizatch,bitch
bizi,Busy
biznatch,bitch
biznitch,bitch
bizzle,bitch
bj,blowjob
bka,better known as
bl,bad luck
bleve,believe
blg,blog
blh,bored like hell
bling-bling,jewelry
blj,blowjob
bljb,Blowjob
bm&y,between you and me
bm4l,best mates for life
bma,best mates always
bmf,be my friend
bmfe,best mates forever
bmfl,best mates for life
boffum,Both of them
boi,boy
bonr,boner
boomm,bored out of my mind
botoh,but on the other hand
bout,about
bovered,bothered
brd,bored
bro,brother
bros,brothers
bsx,bisexual
bsxc,be sexy
btb,by the by
btch,bitch
btfl,beautiful
btr,better
c,see
c'mon,Come On
c@,cat
cam,camera
cawk,cock
cex,sex
cexy,sexy
cfm,come fuck me
cg,Congratulations d**n
cgaf,couldn't give a fuck
cgf,cute guy friend
ch@,chat
champs,champions
char,character
cheezburger,cheeseburger
chik,chick
cig,cigarette
cigs,cigarettes
cless,clanless
clm,Cool Like Me
clt,Cool Like That
cluebie,clueless newbie
cmbo,combo
cmon,Come on
cmplcdd,complicated
cmplte,complete
cmptr,computer
cmt,comment
cmw,cutting my wrists
cn,can
cnc,Command and Conquer
cnt,can't
col,crying out loud
comin',coming
comnt,comment
comp,Computer
compy,computer
congrats,congratulations
contrib,contribution
convo,conversation
coo,cool
cood,could
coz,because
cptn,captain
cpu,computer
cpy,copy
cr8,crate
crp,crap
crzy,crazy
cskr,cock sucker
cu,goodbye
cu2nit,see you tonight
cu46,see you for sex
culd,Could
cunt,vagina
cuom,see you on monday
cuple,couple
curn,calling you right now
cut3,cute
d/w,don't worry
d00d,dude
d1ck,cock
d8,date
da,the
dat,that
dats,that's
dawg,Friend
deets,details
def,definitely
defs,definetly
dewd,Dude
dh,dickhead
dhac,Don't have a clue
dic,do i care
dick,cock
din,didn't
din't,didn't
diy,do it yourself
dno,don't know
dnt,don't
dnw,Do not want
doa,dead on arrival
dob,date of birth
dod,Day of Defeat
dogg,friend
doin,doing
doin',doing
don,denial of normal
doncha,Don't you
donno,don't know
dont,don't
dontcha,don't you
dood,dude
doodz,dudes
drc,don't really care
drm,dream
drood,druid
dsided,decided
ducy,do you see why
dugi,do you get it?
dugt,did you get that?
duk,did you know
dum,dumb
dun,don't
dunna,i don't know
dunno,I don't know
duno,don't know
dupe,duplicate
dw,don't worry
dwi,deal with it
dya,Do you
e.g.,example
e4u2s,easy for you to say
ef-ing,fucking
ef,fuck
eleo,Extremely Low Earth Orbit
ello,hello
elo,hello
emo,emotional
enat,every now and then
enit,isn't it
enof,enough
enuf,enough
enuff,enough
eob,End of Business
eoc,end of conversation
eod,End of day
eom,end of message
eos,end of story
eot,end of transmission
eotw,end of the world
esc,escape
ev1,everyone
eva,ever
evaa,ever
evar,ever
every1,everyone
evn,even
evr,ever
evry,every
evry1,every one
evrytin,everything
ex-bf,Ex-Boy Friend
ex-gf,Ex-Girl Friend
exp,experience
ey,hey
eyez,eyes
ez,Easy
ezi,easy
f-ing,fucking
f.b.,facebook
f.m.l.,fuck my life
f.u.,fuck you
f'n,fucking
f@,fat
f**k,fuck
f/o,fuck off
f&e,forever and ever
f#cking,fucking
f00k,fuck.
f2f,face to face
f2p,free to play
f2t,Free to talk
f4c3,face
f4eaa,friends forever and always
f4f,female for female
f4m,female for male
f8,fate
f9,fine
fa-q,fuck you
faa,forever and always
fab,fabulous
faggit,faggot
fah,Funny as hell
faic,For All I Care
fam,family
fap,masturbate
fapping,masterbating
faq,frequently asked question
farg,fuck
fav,Favorite
fave,favorite
fawk,fuck
fbk,facebook
fck,fuck
fckd,fucked
fckin,fucking
fcking,fucking
fcku,fuck you
fcol,for crying out loud
fcuk,fuck
feck,fuck
ff,friendly fire
ffa,free for all
ffcl,falling from chair laughing
ffs,for fuck's sake
fft,food for thought
ffxi,Final Fantasy 11
fg,fucking gay
fgs,for God's sake
fgssu,For Gods sake shut up
fgt,faggot
fk,fuck
fka,formerly known as
fkd,fucked
fker,fucker
fkin,fucking
fking,fucking
fkn,fucking
fku,fuck you
flamer,angry poster
flames,angry comments
flicks,pictures
floabt,for lack of a better term
fm,fuck me
fmah,fuck my ass hole
fmao,freezing my ass of
fml,fuck my life
fnci,fancy
fnny,funny
fny,funny
fo sho,for sure
fo,fuck off
focl,Falling Off Chair Laughing.
fofl,fall on the floor laughing
foia,freedom of information act
fol,farting out loud
folo,Follow
foo,fool
foocl,falls out of chair laughing
fook,fuck
fst,fast
ftk,For the Kill
fucken,fucking
fucktard,fucking retard
fuctard,fucking retard
fudie,fuck you and die
fugly,fucking ugly
fuh-q,fuck you
fuhget,forget
fuk,fuck
fukin,fucking
fukk,fuck
fukkin,fucking
fukn,fucking
fukr,fucker
fulla,Full of
fumfer,fuck you mother fucker
funee,funny
funner,more fun
funy,funny
fuq,fuck you
fus,fuck yourself
fut,fuck You Too
fuu,fuck you up
fux,fuck
fuxing,fucking
fuxor,fucker
fuxored,fucked
fvck,fuck
fwd,forward
fxe,foxy
fy,fuck you
g'nite,good night
g@y,gay
g/f,girlfriend
g/g,got to go
g0,go
g1,good one
g2,go to
g2h,go to hell
g2hb,go to hell bitch
g3y,gay
g4u,good for you
g4y,good for you
g8,gate
g9,good night
ga,go ahead
gai,gay
gangsta,gangster
gank,kill
gb,Go back
gb2,go back to
gbu,god bless you
gby,good bye
gd,good
getcha,get you
geto,ghetto
gewd,good
gey,gay
gf,girlfriend
gg,good game
ghei,Gay
ghey,gay
gimme,give me
gimmie,give me
gitar,guitar
giv,give
giyf,google is your friend
gj,good job
gm,good morning
gma,grandma
gng,going
gng2,going to
gnight,good night
gnite,good night
goin,going
gona,Gonna
gonna,going to
good9,goodnite
gotcha,got you
gotta,got to
gr8,great
gr8t,great
grats,congratulations
gratz,congratulations
grl,girl
grmbl,grumble
grog,beer
grrl,Girl
gsta,Gangster
gt,get
gud,good
gudd,good
gurl,girl
gurlz,girls
h&k,hugs and kisses
h+k,hugs and kisses
h2gtb,have to go to the bathroom
h2o,water
h2sys,hope to see you soon
h3y,hey
h4x,Hacks
h4x0r,hacker
h4xor,hacker
h4xr,hacker
h4xrz,hackers
h4xx0rz,hacker
h4xxor,hacker
h8,hate
h80r,hater
h82sit,hate to say it
h83r,hater
h8ed,hated
h8er,hater
h8r,hater
h8red,Hatred
h8s,hates
h8t,hate
h8t0r,hater
h8t3r,hater
h8te,hate
h8tr,hater
h8u,I Hate You
hago,have a good one
hai,hello
hait,hate
hak,here's a kiss
hammrd,hammered
han,how about now
hau,How Are You
hav,have
havnt,haven't
hawf,Husband and Wife forever
hawt,hot
hawtie,hottie
hax,Hacks
hayd,how are you doing
hb,hurry back
hc,how come
hcbt1,he could be the one
hcib,how can it be
hcihy,how can I help you
hdop,Help Delete Online Predators
hdu,how dare you
hdydi,How do you do it
hdydt,how did you do that
he's,he is
heh,haha
hella,very
heya,hey
heyt,hate
heyy,hello
heyya,hello
hf,have fun
hfn,Hell fucking no
hfs,holy fucking shit!
hfwt,have fun with that
hhyb,how have you been
hi2u,hello
hi2u2,hello to you too
hiet,height
hiik,Hell If I Know
hijack,start an off topic discussion
hith,how in the hell
hiya,hello 
hj,hand job
hla,Hot lesbian action
hlb,horny little bastard
hld,hold
hldn,hold on
hldon,hold on
hll,Hell
hlm,he loves me
hlo,hello
hlp,help
hly,holy
hlysht,Holy shit
hmfic,head mother fucker in charge
hml,hate my life
hmoj,holy mother of jesus
hng,horny net geek
hngry,hungry
ho,hold on
hom,home
homey,Friend
homie,good friend
homo,homosexual
hoopty,broke down automobile
hott,hot
howdey,hello
howz,hows
hpb,high ping bastard
hpoa,Hot Piece of ass
hppy,Happy
hpy,happy
hpybdy,happy birthday
hr,hour
hre,here
hrny,horny
hrs,hours
htf,how the fuck
hth,hope that helps
htr,hater
hu,Hey you
hubby,husband
hud,Heads Up Display
huggle,hug and cuddle
hugz,hugs
hun,honey
hv,have
hve,have
hvnt,haven't
hw,homework
hw/hw,help me with homework 
hwg,here we go
hwga,here we go again
hwik,how would i know
hwk,homework
hwmbo,he who must be obeyed
hwmnbn,he who must not be named
hwms,hot wild monkey sex
hwu,hey what's up
hwz,how is
hxc,hardcore
hy,hell yeah
hyb,how you been
hyg,here you go
hyk,how you know
i c,i see
i'll,i will
i'm,i am
i<3 u,i love you
i<3u,I love you
i8,alright
i8u,i hate you
iag,it is all good
iah,i am horny
iai,i am interested
ic,I see
icu,i see you
icw,I care why?
id10t,idiot
idby,I Don't Believe You
idc,I don't care
idjit,idiot
idonno,i do not know
idot,idiot
idunno,i do not know
idw2,I don't want to
iff,if and only if
ight,alright
igu,i give up
ih8,i hate
ih8tu,i hate you
ih8u,I hate you
ih8usm,i hate you so much
ih8y,I hate you
ihy,i hate you
ihya,i hate you all
iigh,alright
iight,alright
iiok,is it okay
ijit,idiot
ik,i know
iki,i know it
ikm,I know man
ikr,I know really
ikt,i knew that
ili,i love it
imm,instant message me
imma,I'm going to
in2,into
inb4,in before
inbd,it is no big deal
incld,include
incrse,increase
inhwh,I need homework help
init,isn't it
ino,I know
invu,I envy you
iow,in other words
irdk,I really don't know
iso,In Search Of
iss,im so sorry
it's,it is
ita,I Totally Agree
itc,in that case
itd,in the dark
ite,alright
itk,in the know
itn,I think not
itz,it is
itzk,it is ok
iucmd,if you catch my drift
iukwim,if you know what i mean
iunno,I don't know
iuno,i dunno
ive,i have
iwc,In Which Case
iwg,it was good
iwjk,i was just kidding
iwlu4e,I will love you for ever
iwuwh,i wish you were here 
iyam,if you ask me
iyc,if you can
iyd,In Your Dreams
iydhantsdsaaa,If you don't have anything nice to say don't say anything at all
iydmma,if you don't mind me asking
iyf,In your face
iyflg,If you are Feeling Less Generous
iygm,if you get me
iykwim,if you know what I mean
iym,I am your man
iyo,in your opinion
iyq,I like you
iyss,if you say so
iyswim,if you see what I mean
iywt,if you want to
iz,is
j00,you
j00r,your
j2bs,just to be sure
j2c,just too cute
j2f,just too funny
j2luk,just to let you know
j2lyk,just to let you know
j4f,just for fun
j4g,just for grins
j4l,just for laughs
j4u,just for you
jas,just a second
jc,just curious
jebus,Jesus
jf,just fooling
jff,just for fun
jfr,Just for reference
jftr,just for the record
jfu,just for you
jh,Just hanging
jhm,just hold me
jho,just hanging out
jic,just in case
jit,just in time
jizz,semen
jk,just kidding
jka,just kidding around
jking,joking
jkl,just kidding loser
jklol,Just Kidding Laughing Out Loud
jkn,joking
jks,jokes
jkz,jokes
jlt,just like that
joo,you
jooc,just out of curiosity
jooce,Juice
joor,your
jp,just playing
js,just saying
jsing,just saying
jst,just
jsuk,just so you know
jsun,Just so you know
jsut,just
jtbs,Just To Be Sure
jtc,Join the club
jtty,just to tell you
jus,just
juss,just
juz,just
juzt,just
jw,just wondering
k,ok
k3wl,cool
kah,kisses and hugs
kaw,kick ass work
kay,okay
kb,KiloBite
kcco,keep calm chive on
kek,laughing out loud
kewel,cool
kewl,cool
khuf,know how you feel
kiled,killed
kinda,kind of
kit,keep in touch
kitteh,kitten
kky,kinky
kl,cool
kml,Killing Myself Laughing
kmn,kill me now
kmp,kill me please
kmsl,killing myself laughing
kmswl,killing myself with laughter
knackered,drunk
knewb,new player
knn,fuck your mother
kno,know
knw,know
ko,knock out
kol,kiss on lips
koo,cool
kool,cool
kss,kiss
kssd,kissed
kt,keep talking
kthxmn,Ok Thanks Man
kthz,ok thanks
ktnx,Okay and Thanks
kuhl,cool
kul,cool
kute,cute
kutgw,Keep Up The good Work
kuwl,cool
kwik,quick
kwim,Know What I Mean
kwis,Know what I'm saying?
kwit,quit
kwiz,quiz
kwl,cool
l@u,laughing at you
l0lz,laugh out loud
l8,late
l84skool,late for school
l8a,later
l8er,later
l8ers,Later
l8r,see you later
l8rs,laters
l8rz,later
l8s,later
l8t,later
l8ta,later
l8ter,later
l8tr,later
lak,love and kisses
lal,laughing a little
lalol,lots and lots of laughs
lappy,Laptop
lat,laugh at that
lata,later
latr,Later
lau,laugh at you
lawd,lord
legit,legitimate
leik,like
leme,let me
lemme,let me
lesbo,lesbian
lez,Lesbian
lezbean,lesbian
lezbo,lesbian
lezzzie,lesbian
lf,looking for
lgo,life goes on
liec,like i even care
liek,like
liekz,likes
lifo,last in first out
lik,like
lil,little
liol,laugh insanely out loud
liv,live
lj,live journal
lk,like
lke,like
llf,laugh like fuck
lmao,laughing my ass off
lmb,lick my balls
lmbo,laughing my butt off
loi,laughing on the inside
lol,laughing out loud
lol'd,laughed out loud
lol@u,Laugh out loud at you
lol2u,Laugh out loud to you
lolarotf,laughing out loud and rolling on the floor
lolaw,laugh out loud at work
lolbs,laugh out loud but seriously
lolcano,laugh out loud
lolci,laughing out loud, crying inside
lolcity,the whole city laughs out loud
lold,laughed out loud
lolees,laugh out loud
lolerz,laugh out loud
lolf,lots of love forever
lolin,laughing out loud
lolio,laugh out loud I own
lollam,Laughing Out Loud Like A Maniac
lollercaust,an extreme event of hilarity
lollercoaster,laugh out loud (a lot)
lolm,laugh out loud man
loln,laught out loud... not
lolngs,laghing out loud never gonna stop
lolocost,laugh out loud
lolol,saying "lol" out loud
lololz,laugh out loud
lols,laugh out loud 
lolvq,laugh out loud very quietly
lolz,laugh out loud
lomg,like oh my god
loml,love of my life
lomy,love of my life
loomm,laughing out of my mind
lorl,laugh out real loud
lorrl,laugh out really really loud
lotf,laughing on the floor
loti,laughing on the inside
loto,laughing on the outside
lov,love
lovu,love you
loxen,laughing out loud
loxxen,laughing out loud
lozer,loser
lsr,loser
lt,long time
ltr,later
ltywl,love the way you lie
lu2,love you too
luf,love
luff,Love
luk,look
lukin,looking
lul,love you lots
lulz,Laughing out loud.
lusm,love you so much
luv,love
luver,lover
luvuvm,love you very much
luvv,love
luzar,Loser
lv,love
lve,Love
lvl,level
lvn,loving
lvr,lover
lvya,love you
ly,love you
ly2,love you to
lya,love you always
lyao,laugh your ass off
lybo,laugh your butt off
lyf,life
lyfao,laughing your fucking ass off
lyfe,life
lyk,like
lyk3,like
lyke,like
lyl,love you lots
lysfm,love you so f**king much
lysm,love you so much
lzer,laser
lzr,loser
m,am
m.i.a,Missing In Action
m.o,makeout
m'kay,okay
m/b,maybe
m/f,male or female
m&d,mom and dad
m$,Microsoft
m$wxp,Microsoft Windows XP
m2,me too
m3,me
m473s,friends
m473z,friends
m4f,male for female
m4m,male for male
m8,friend
m84l,mate for life
m8s,mates
m8t,mate
m8t's,friends
m9,mine
mabby,maybe
mabe,Maybe
mah,my
mai,my
marvy,marvelous
masterb8,masterbate
mastrb8,masturbate.
mayb,maybe
mayte,mate
mb,my bad
mbf,my best friend
me2,me too
meeh,me
messg,message
mf,motherfucker
mfkr,motherfucker
mhh,my head hurts
mhm,Yes
mic,microphone
milf,Mom i'd like to f**k
min,minute
miself,myself
mite,might
mk,mmm....ok
mkay,ok
mmd,make my day
mmk,umm, ok
mmmkay,okay
mmorpg,massively multiplayer online role playing game
mngmt,management
mngr,manager
mol,more or less
mor,more
morf,male or female
moro,tomorrowemale
msg,message
msgs,messages do
msngr,messenger
mssg,message
mtg,Meeting
mtherfker,mother fucker
mthrfkr,mother fucker
mtl,more than likely
mtr,matter
mtrfkr,mother fucker
mty,empty
mu,miss you
mudda,mother
musiq,music
muvva,mother
muzik,music
mwah,kiss
myn,mine
n,and
n00b,newbie
n00bs,newbies
n00dz,nudes
n00s,news
n1,nice one
n199312,african american
n1994,african american
n2,into
n2b,not too bad
n2bb,nice to be back
n2br,not to be rude
n2g,Not too good
n2m,not too much
n8v,native
na,not applicable
naa,not at all
nah,no
natch,naturally
natm,not at the minute
naw-t,Naughty
naw,no
nawidt,never again will i do that
nawt,not
naww,no
nayl,in a while
nb,not bad
nbd,no big deal
nbdy,nobody
nc,not cool
ncs,no crap sherlock
nd,and
ndit,No details in thread
ndn,indian
ne,any
ne1,anyone
neday,any day
nedn,any day now
nefing,anything
nei,Not enough information
neida,any idea
nekkid,naked
nemore,Anymore
nethin,anything
nething,anything
neva,never
nevah,never
nevar,Never
nevarz,never
nevm,never mind
nevr,never
newais,Anyways
neway,anyway
neways,anyways
newayz,anyways
newb,someone who is new
newbie,new player
newez,anyways
nf,not funny
nh,nice hand
ni,no idea
nimby,not in my backyard
nin,no its not
nip,nothing in particular
nips,nipples
nite,night
nj,Nice job
njoy,enjoy
nk,no kidding
nkt,never knew that
nm,not much
nmbr,number
nme,enemy
nmh,not much here
nmp,Not My Problem
nmu,nothing much, you
nmw,no matter what
nmwh,no matter what happens
nn,good night
nn2r,no need to respond
nnaa,no not at all
nnfaa,no need for an apology
nnr,no not really
no1,no one
noe,know
noes,no
nomw,not on my watch
noob,someone who is new
noobie,new person
nooblet,new player
noobz0r,newbie
nookie,sex
notin,nothing
noty,no thank you
noub,none of your business
nowai,No way
nowin,knowing
noyb,none of your business
np,no problem
np4np,naked pic for naked pic
npa,not paying attention
npc,Non-playable character
npe,nope
npgf,no problem girl friend
nph,no problem here
npi,no pun intended
npnt,no picture, no talk
nps,No Problems
nq,Thank you
nr,no reserve
nr4u,not right for you
nrg,energy
nrn,No Response Necessary
ns,nice
nsa,No Strings Attached
nsas,No Strings Attached Sex
nsfmf,not so fast my friend
nsfu,no sex for you
nsfw,not safe for work
nss,no s**t sherlock
nst,no school today
nstaafl,No Such Thing As a Free Lunch
nt,nice try
ntb,not to bad
nthg,nothing
nthin,nothing
nthn,nothing
ntk,Need to know
ntm,not to much
ntn,nothing
ntrly,Not Really
ntt,need to talk
ntta,nothing to talk about 
ntty,nice talking to you
ntw,not to worry
ntxt,no text
nty,no thank you
nu,new
nuff,enough
nuffin,nothing
nufin,nothing
nutin,nothing
nuttin,nothing
nv,envy
nvm,never mind
nvmd,nevermind
nvmdt,never mind then
nvmt,nevermind that
nvr,never
nvrm,Nevermind
nvrmnd,never mind 
nw,no way
nwtf,now what the fuck
nwy,no way
nxt,next
ny1,Anyone
nyc,New York City
nyf,not your fault
nyp,not your problem
nywy,anyway
o,Oh
o&o,over and out
oar,on a roll
oaw,on a website
obj,Object
obv,obviously
obvi,obviously
oday,software illegally obtained before it was released
odg,oh dear God
oe,or else
of10,often
ofc,of course
oftn,often
oftpc,off topic
ogw,oh guess what
ok,okay
omg,oh my God
omg's,oh my god's
omgih,Oh My God In Heaven
omginbd,Oh my God, it is no big deal
omgn,oh my goodness
omgny,oh my god no way
omgosh,Oh my god
omgwtf,on my God, what the fuck
omgz,oh my God
omgzors,oh my god
omhg,oh my hell god
omj,oh my jesus
omt,one more time
omw,on my way
omy,oh my!
onoez,oh no
onoz,oh no
oow,On our way
ooym,out of your mind
op,operator
orgy,orgasm
orlsx,oral sex
orly,Oh Really
orly,oh really?
ot,off topic
ott,over the top
otw,on the way
ova,over
ownz,owns
owt,Out
oyo,on your own
oyr,Oh Yeah Right
p-nis,penis
p/w,password
p00p,poop
p2p,peer to peer
p33n,penis
p3n0r,penis
p3n15,penis
p3n1s,penis
parnts,parents
pbly,probably
pce,peace
pcent,percent
peanus,penis
peeps,people
pen0r,Penis
pen15,penis
penor,penis
peoples,people
perv,pervert
pewp,poop
pezzas,parents
pf,profile 
pg,page
phail,fail
phat,pretty hot and tasty
phayl,fail
phear,fear
phq,fuck you
phreak,freak
phreaker,phone hacker
phuck,fuck
phucker,fucker
phuk,fuck
phun,fun
pic,picture
piccies,Pictures
pics,pictures
pix,pictures
pl,parent looking
pl0x,please
pl8,plate
ple's,please
pleaz,please
pleez,please
pleeze,please
pleze,please
pliz,please
plma,please leave me alone 
plmk,please let me know
plocks,please
plox,please
ploxxorz,please
pls,please
plse,please
plx,please/thanks
plywm,play with me
plz,please
pmg,oh my God
pml,pissing myself laughing
pmo,pissing me off
pmp,pissing my pants
pmpl,piss my pants laughing
pns,penis
pnus,penis
poc,Piece of crap
poo,poop
popo,police
pov,point of view
ppl,people
ppls,people
pplz,people
pr0,professional
pr0n,porn
pr0nz,porn
prblm,Problem
prfct,perfect
prn,porn
prncpl,principal
prncss,princess
prob,problem
probly,probably
probz,probably
prod,product
prolly,Probably
prollz,probably
pron,porn
prsn,person
prty,party
prv,private
prvrt,pervert 
pwd,password
pwn3d,owned
pwn3r,owner
pwner,owner
pwnt,owned
pwor,power
pyt,pretty young thing
pz,peace
q33r,Queer
q4u,question for you
qfe,quoted for emphasis
qfmft,quoted for motherf**king truth
qft,quoted for truth
qft&gj,quoted for truth and great justice
ql,cool
qna,question and answer
qool,cool
qoolz,cool
qq,crying eyes
qt,cutie
qt3.14,cutie pie
qte,cutie
qtpi,cutie pie
r-tard,retard
r,are
r.i.p.,rest in peace
r0x0rz,rocks
r8,rate
r8p,rape
r8pist,rapist
r8t,rate
rawk,Rock
rawks,rocks
rawr,roar
rb@u,right back at you
rbau,right back at you
rbay,right back at you
rbm,right behind me
rbtl,Read between the lines
rbty,right back to you
rcks,Rocks
rcsa,right click save as
i'd,i would
rcvd,received
rdy,ready
re,reply
re/rehi,hello again
reefer,marijuana
refl,rolling on the floor laughing
rehi,hello again
rele,really
rents,parents
g'night,goodnight
rentz,parents
rep,to represent
reppin,representing
rjct,reject
rl,real life
rlly,really
rln,real life name
rly,really
rly,really
rlz,rules
rlze,realize
rm,room
rmr,remember
rn,Right now
rnt,aren't
ro,rock out
rockr,rocker
rogl,rolling on ground laughing
ve,have
roids,steroids
roj,affirmative
rol,rolling over laugihng
rombl,rolled off my bed laughing
rong,wrong
roofles,rolling on the floor laughing
ror,raughing out roud
rotf,rolling on the floor
rotfl,rolling on the floor laughing
rotw,rest of the world
rox,rocks
roxor,rock
roxorz,rocks
roxxor,rock
rq,real quick
rr,rest room
rsn,real soon now
rsp,respawn
rspct,respect
rtard,retard
rtry,retry
rts,Real-time strategy
ru,are you
ruk,are you ok?
ruok,are you ok?
ryt,right
ryte,right
s.i.t.,stay in touch
s.o.a.b.,son of a bitch
s.o.b.,son of a bitch
s.w.a.k.,sealed with a kiss
s'ok,it is okay
s'pose,suppose
s'up,what is up
s/b,should be
s8ter,skater
scool,school
scrilla,money
scrt,secret
scurred,scared
sec,second
secks,sex
secksea,Sexy
secksy,sexy
sed,said
seks,sex
sellin,selling
sexc,sexy
sexe,sexy
sexi,Sexy
sexii,sexy
sexilicious,Very Sexy
sexx0rz,sex
sez,says
sfe,safe
sfsg,So far so good
sfu,shut the fuck up
sg,so good
sh,shit happens
shag,fuck
shawty,girl
shd,should
she's,she is
shexi,sexy
shexy,sexy
shiat,shit
shiet,shit
shite,shit
shiz,shit
shizit,shit
shiznat,shit
shiznit,shit
shizz,shit
shizzle,shit
shld,should
shmexy,sexy
sho,sure
sho'nuff,sure enough
showin,showing
shud,should
shuddup,Shut Up
shup,shut up
shure,sure
shut^,shut Up
shwr,shower
shyat,shit
shyt,shit
sif,as if
sifn't,as if not
sig,Signature
siggy,Signature
sis,sister
sista,Sister
sk,spawn kill
sk8,skate
sk8er,skater
sk8ing,Skating
sk8r,skater
sk8ter,skater
sk8tr,skater
sked,schedule
skeet,ejaculate
skewl,school
skhool,school
skillz,skills
skl,School
skool,school
skoul,school
sktr,skater
skwl,school
sl^t,slut 
slng,slang
slo,slow
slp,sleep
slt,something like that
sm,social media
sm1,someone
smeg,fuck
smexy,sexy
smthin,something
smthng,something
smtm,sometime
sn,screen name
snm,say no more
snog,kiss
snogged,kissed
soab,son of a btch
sob,son of a bitch
sof,smile on face
sok,it is ok
sokay,it is okay
som'm,something
som1,someone
some1,someone
soml,story of my life
soo,So
sorreh,sorry
sorta,sort of
sowi,sorry
sowwy,sorry
soz,sorry
spk,speak
sploits,exploits
sploitz,exploits
sprm,sperm
srch,search
srly,seriously
srry,sorry
srs,serious
srsly,seriously
srvis,Service
sry,sorry
srynd2g,sorry need to go
srzly,seriously
ssob,stupid sons of bitches
ssry,so sorry
st,Stop That
st1,stoned
st8,state
stby,sucks to be you
stff,stuff
stfu,shut the fuck up
stg,swear to god
sth,something
sthing,something
stoopid,stupid
stpd,stupid
str8,straight
str8up,straight up
stufu,stupid fucker
stupd,stupid
su,shut up
suk,suck
suka,Sucker
sukz,sucks
sul,see you later
sum1,someone
sumfin,Something
summin,something
sumone,someone
sumthin',Something
sumtin,something
sup,what's up
supa,super
sux,sucks
sux0rz,sucks
sux2bu,sucks to be you
suxor,Sucks
suxors,sucks
suxorz,sucks
suxx,sucks
suxxor,sucks
suyah,shut up you ass hole!
svn,seven
sw,so what
swt,sweet
swtf,seriously, what the fuck
sx,sex
sxc,sexy
sxcy,sexy
sxe,straight edge
sxi,sexy
sxs,sex
sxy,sexy
syfm,shut your fucking mouth
syl,see you later
syl8r,see you later
sym,shut your mouth
sys,see you soon
syt,see you there
sz,sorry
t,ftfy,there, fixed that for you
t.t.y.l,Talk To You Later
t/a,Try again
t#3,the
t3h,the
t8st,taste
taci,that's a crappy idea
tafn,That's all for now
taht,that
tal,thanks a lot
tat,that
tat2,tattoo
tbc,To be continued
tbf,to be fair
tbh,to be honest
tbvh,to be very honest
tc,take care
tdf,To Die For
teh,the
terd,shit
tfs,thanks for sharing
tg,thank god
tgfu,too good for you
tgif,thank god it is friday
tgis,thank god it is saturday
tgtbt,Too Good To Be True
tgws,that goes without saying
th@,that
tha,the
thankies,Thank You
thankx,thank you
thanq,thank you
thanx,thank you
thar,there
thatz,that's
theachers,theacher 
there's,there is
thku,thank you
thn,then
thnk,think 
thnx,thanks
tho,though
thr,there
thr4,therefore
thru,through
tht,that 
thx,thank you
thxx,thanks
thz,thank you
tia,thanks in advance
tif,this is fun
tigger,tiger
til,until
tis,is
tix,tickets
tjb,thats just boring
tk,team kill
tk2ul,talk to you later
tks,thanks
tku,thank you
tl8r,talk later
tld,told
tlk,talk
tlkin,talking
tlkn,talking
tmaai,tell me all about it
tmai,tell me about it
tmbi,tell me about it
tmi,too much information
tmk,to my knowledge
tml,tell me later
tmmrw,tomorrow
tmo,take me out
tmoro,tomorrow
tmoz,tomorrow
tmr,tomorrow
tmr@ia,the monkeys are at it again
tmrrw,tomorrow
tmrw,Tomorrow
tmrz,tomorrow
tmz,tomorrow
tnx,thanks
tnxz,thanks
tok,That's ok
tolol,thinking of laughing out loud
tomm,tommorow
tomoz,tomorrow
totes,totally
totl,total
tq,Thank You
trani,transexual
tranny,Transexual
trble,trouble
trd,tired
trnsl8,translate
trnsltr,translator
troll,person who diliberately stirs up trouble
tru,true
tsc,that's so cool
tss,That's so sweet
ttl,total
ttlly,totally
ttly,totally
tttt,to tell the truth
tu,thank you
tuff,tough
tuh,to
tut,take your time
tuvm,thank you very much
tv,television
tvm,thanks very much
twat,vaginar
twg,That was great
twttr,twitter
tx,thanks
txs,thanks
txt,text
txting,texting
txtyl,text you later
ty,thank you
tym,time
tyme,time
tyred,tired
u,you
u'd,you would
u'll,you will
u'r,you are
u'v,you have
u've,you have
u2u,up to you
u4i,up for it
ub3r,super
uber,over
udwk,you don't want to know
ufmf,you funny mother fucker
ukr,You know right
ukwim,you know what i mean
ul,unlucky
ulbom,you looked better on myspace
umfriend,sexual partner
un2bo,you need to back off
un4rtun8ly,unfortunately
unt,until next time
ur,your
ura,you are a
ure,you are
urs,yours
urstpid,you are stupid
urtb,you are the best
usck,you suck
usuk,You Suck
usux,you suck
ut,you there
utube,youtube
uty,it is up to you
uve,You have
uw,you are welcome
uwc,you are welcome
v4g1n4,vagina
vag,vagina
vf,very funny
vid,Video
vip,very important person
vleo,Very Low Earth Orbit
vlog,video log
vn,very nice
vry,very
w.b.s.,Write Back Soon
w.e,Whatever
w.e.,whatever
w'sup,what's up
w/,with
w/b,write back
w/e,whatever
w/end,weekend
w/eva,whatever
w/o,with out
w/out,without
w/u,with you
w\e,whatever
w00t,woohoo
w012d,word
w2d,what to do
w2f,want to fuck
w2g,Way to go
w2ho,want to hang out
w2m,want to meet
w33d,weed
w8,wait
w8am,wait a minute
w8ing,waiting
w8t4me,wait for me
w8ter,waiter
wad ^,what's up?
wadzup,What's up?
wana,want to
wanafuk,wanna f**k
wanker,masturbater
wanking,Masturbating
wanna,want to
wansta,wanna be ganster
warez,illegally obtained software
was^,What's Up
wassup,what's up?
wasup,What's Up
wat,what
wat's^,Whats Up
watcha,what are you
watev,whatever
wateva,whatever 
watevr,whatever
watevs,whatever
wats ^,whats up
wats,whats
wats^,what's up?
watz ^,What's up
wau,what about you
wau^2,what are you up to?
waug,Where are you going
wauw,what are you wearing
waw,what a w***e
waycb,when are you coming back
wayd,what are you doing
waygow,who are you going out with
wayh,why are you here
wayn,Where Are You Now
waysttm,why are you still talking to me
waysw,Why are you so weird
wayt,What are you thinking?
wayta,what are you talking about
wayut,what are you up to
waz ^,what's up
waz,what is
waz^,what's up?
wazz,what's
wazza,what's up
wazzup,what's up
wb,welcome back
wd,well done
wdyw,what do you want
webby,webcam
weg,wicked evil grin
welc,welcome
wen,when
we're,we are
werkz,works
wev,Whatever
weve,what ever
wevr,whatever
wgaf,Who gives a fuck
wgas,who gives a shit
wgo,what's going on
wha,what?
whaddya,what do you
whaletail,thong
what^,what's up?
whatcha,what are you
whatev,whatever
whatevs,whatever
whats ^,whats up
whenevs,whenever
whevah,where ever
whever,whatever
whit,with
who's,who is
whodi,friend
whr,where
wht,What
wht^,what up
whteva,what ever
whteve,whatever
whtever,whatever
whtevr,whatever
whtvr,whatever
whubu2,what have you been up to
whubut,what have you been up to
whut,what
wid,with
widout,without
wif,With
wiid,what if i did
wilco,will comply
winnar,winner
wio,without
wit,with
witcha,with you
wiv,with
wk,week
wkd,wicked
wkend,weekend
wl,will
wlc,welcome
wlcb,welcome back
wlcm,welcome
wld,would
wlkd,walked
wn,when
wnt,want
wochit,watch it
woot,woohoo
wot,what
wotevs,whatever
wowzers,wow
woz,was
wrd,word
wrdo,weirdo
wrk,work
wrm,which reminds me
wrng,wrong
wrt,with regard to
wrtg,writing
wrthls,Worthless
wru,where are you
wrud,what are you doing
wtf,what the fuck
wtg,way to go
wtv,Whatever
wtva,whatever
wtvr,whatever
wu,what's up
wu,what's up?
wub,love
wubmgf,Will You Be My Girlfriend?
wubu2,what you been up to
wubut,what you been up too
wud,would
wudev,Whatever
wudn,what you doing now
wugowm,will you go out with me
wula,what you looking at?
wuld,would
wuny,wait until next year
wussup,What is up?
wut,what
wutb,What are you talking about
wutcha,What are you
wuteva,whatever
wutevr,what ever
wuts,what is
wuut,what you up to
wuv,love
wuwu,what up with you
wuz,was
wuza,what's up
wuzup,what's up
wwc,who would care
wy,Why?
wyn,What's your name
wyp,what's your problem?
xbf,ex-boyfriend
xcept,except
xcpt,except
xd,extreme droll
xellent,excellent
xfer,transfer
xgf,exgirlfriend
xing,crossing
xit,Exit
xl,extra large
xlnt,Excellent
xmas,christmas
xmpl,example
xoac,Christ on a crutch
xor,hacker
xover,crossover
xox,hugs and kisses
xoxo,hugs and kisses
xp,experience
xpect,expect
xplaned,explained
xpt,except
xs,excess
xtc,ecstasy
xtra,extra
xtreme,extreme
y,why
y!a,yahoo answers
y'all,you all
y/n,yes or no
y/o,Years Old
y00,you
y2b,Youtube
ya,yeah
yall,you all
yapa,yet another pointless acronym
yaqw,You are quite welcome
yarly,yeah really
yaw,you are welcome
yayo,cocaine
ye,yeah
yea,yeah
yer,you are
yermom,your mother
yesh,yes
yew,you
yfi,you fucking idiot
ygg,you go girl
yh,yeah
yhew,you
yk,you kidding
ykn,you know nothing
ykw,You Know What
ylb,you little bitch
ym,your mom
ymbkm,you must be kidding me
yme,why me
ymmd,You Made My Day
yn,why not
yng,young
ynk,you never know
ynm,yes, no, maybe
ynt,why not
ynw,you know what
yo,year old
yo',your
yodo,you only die once
yolo,you only live once
yomank,you owe me a new 
yooh,youe twice
yor,your
you're,you are
youngin,young person
yoy,why oh why
yr,year
yrs,years
ys,you suck
ytf,why the fuck
ytm,you tell me
ytmnd,you are the man now, dog!
yty,why thank you
yu,You
yua,you ugly ass
yuo,you
yup,yes
yur,your
yvw,you are very welcome
yw,you are welcome
ywic,why would i care
zex,sex
zig,cigarette
zomg,Oh my God
zomgzorrz,oh my god
zoot,woohoo
zot,Zero Tolerance
zup,what's up?
